TOT_DT,LINK_ID,LANE_NO,TRF_QNTY,AVG_SPD,OCPN_RATE
2024-12-12 23:30:00,2240007900,1,4.0,97.38,0.3175
2024-12-12 23:35:00,2240007900,1,10.0,98.9,0.616
2024-12-12 23:40:00,2240007900,1,5.0,98.0,0.32
2024-12-12 23:45:00,2240007900,1,5.0,98.4,0.312
2024-12-12 23:50:00,2240007900,1,6.0,95.88,0.49
2024-12-12 23:55:00,2240007900,1,5.0,97.38,0.4125
2024-12-12 23:30:00,2240007900,2,18.0,90.38,1.475
2024-12-12 23:35:00,2240007900,2,20.0,92.8,1.302
2024-12-12 23:40:00,2240007900,2,13.0,91.2,0.864
2024-12-12 23:45:00,2240007900,2,21.0,89.0,1.394
2024-12-12 23:50:00,2240007900,2,18.0,92.38,1.4825
2024-12-12 23:55:00,2240007900,2,12.0,93.88,0.9775
2024-12-12 23:30:00,2240007900,3,13.0,87.5,1.1725
2024-12-12 23:35:00,2240007900,3,18.0,84.5,1.32
2024-12-12 23:40:00,2240007900,3,13.0,88.8,0.942
2024-12-12 23:45:00,2240007900,3,19.0,89.4,1.35
2024-12-12 23:50:00,2240007900,3,7.0,90.75,0.635
2024-12-12 23:55:00,2240007900,3,17.0,88.5,1.4475
2024-12-12 23:30:00,2240007900,4,5.0,98.38,0.3975
2024-12-12 23:35:00,2240007900,4,17.0,85.7,1.194
2024-12-12 23:40:00,2240007900,4,15.0,83.7,1.118
2024-12-12 23:45:00,2240007900,4,12.0,89.1,0.818
2024-12-12 23:50:00,2240007900,4,9.0,90.25,0.76
2024-12-12 23:55:00,2240007900,4,11.0,89.5,0.9575
2024-12-12 23:30:00,2240007900,5,8.0,95.25,0.6575
2024-12-12 23:35:00,2240007900,5,7.0,91.8,0.476
2024-12-12 23:40:00,2240007900,5,7.0,94.8,0.464
2024-12-12 23:45:00,2240007900,5,6.0,96.7,0.41
2024-12-12 23:50:00,2240007900,5,10.0,91.75,0.885
2024-12-12 23:55:00,2240007900,5,3.0,94.88,0.26
2024-12-12 23:30:00,2240009900,1,35.0,105.62,2.4925
2024-12-12 23:35:00,2240009900,1,44.0,103.3,2.688
2024-12-12 23:40:00,2240009900,1,27.0,106.6,1.544
2024-12-12 23:45:00,2240009900,1,29.0,99.0,1.836
2024-12-12 23:50:00,2240009900,1,20.0,103.88,1.495
2024-12-12 23:55:00,2240009900,1,18.0,107.62,1.2275
2024-12-12 23:30:00,2240009900,2,26.0,83.62,2.3875
2024-12-12 23:35:00,2240009900,2,26.0,83.3,1.986
2024-12-12 23:40:00,2240009900,2,34.0,83.9,2.52
2024-12-12 23:45:00,2240009900,2,29.0,86.6,2.18
2024-12-12 23:50:00,2240009900,2,22.0,83.12,1.9975
2024-12-12 23:55:00,2240009900,2,16.0,87.12,1.4475
2024-12-12 23:30:00,2240009900,3,1.0,89.5,0.465
2024-12-12 23:35:00,2240009900,3,0.0,0.0,0.0
2024-12-12 23:40:00,2240009900,3,0.0,0.0,0.0
2024-12-12 23:45:00,2240009900,3,0.0,0.0,0.0
2024-12-12 23:50:00,2240009900,3,0.0,0.0,0.0
2024-12-12 23:55:00,2240009900,3,0.0,0.0,0.0
2024-12-12 23:30:00,2240009900,4,0.0,0.0,0.0
2024-12-12 23:35:00,2240009900,4,0.0,0.0,0.0
2024-12-12 23:40:00,2240009900,4,0.0,0.0,0.0
2024-12-12 23:45:00,2240009900,4,0.0,0.0,0.0
2024-12-12 23:50:00,2240009900,4,0.0,0.0,0.0
2024-12-12 23:55:00,2240009900,4,0.0,0.0,0.0
2024-12-12 23:30:00,2240010000,1,8.0,101.56,0.2875
2024-12-12 23:35:00,2240010000,1,23.0,108.3,0.625
2024-12-12 23:40:00,2240010000,1,16.0,103.55,0.444
2024-12-12 23:45:00,2240010000,1,14.0,102.5,0.399
2024-12-12 23:50:00,2240010000,1,15.0,100.56,0.5575
2024-12-12 23:55:00,2240010000,1,12.0,102.0,0.4288
2024-12-12 23:30:00,2240010000,2,32.0,96.62,1.2325
2024-12-12 23:35:00,2240010000,2,38.0,101.4,1.153
2024-12-12 23:40:00,2240010000,2,31.0,94.9,0.991
2024-12-12 23:45:00,2240010000,2,39.0,93.7,1.235
2024-12-12 23:50:00,2240010000,2,32.0,100.62,1.2338
2024-12-12 23:55:00,2240010000,2,28.0,99.19,1.0588
2024-12-12 23:30:00,2240010000,3,28.0,90.0,1.2012
2024-12-12 23:35:00,2240010000,3,32.0,87.9,1.134
2024-12-12 23:40:00,2240010000,3,27.0,93.6,0.901
2024-12-12 23:45:00,2240010000,3,41.0,96.85,1.322
2024-12-12 23:50:00,2240010000,3,19.0,91.44,0.8088
2024-12-12 23:55:00,2240010000,3,28.0,95.19,1.1038
2024-12-12 23:30:00,2240010000,4,10.0,95.38,0.4275
2024-12-12 23:35:00,2240010000,4,25.0,89.2,0.874
2024-12-12 23:40:00,2240010000,4,20.0,91.05,0.725
2024-12-12 23:45:00,2240010000,4,18.0,95.45,0.584
2024-12-12 23:50:00,2240010000,4,11.0,92.94,0.4712
2024-12-12 23:55:00,2240010000,4,16.0,96.06,0.655
2024-12-12 23:30:00,2240010000,5,8.0,95.25,0.6575
2024-12-12 23:35:00,2240010000,5,7.0,91.8,0.476
2024-12-12 23:40:00,2240010000,5,7.0,94.8,0.464
2024-12-12 23:45:00,2240010000,5,6.0,96.7,0.41
2024-12-12 23:50:00,2240010000,5,10.0,91.75,0.885
2024-12-12 23:55:00,2240010000,5,3.0,94.88,0.26
2024-12-12 23:30:00,2240012900,1,35.0,105.62,2.4925
2024-12-12 23:35:00,2240012900,1,44.0,103.3,2.688
2024-12-12 23:40:00,2240012900,1,27.0,106.6,1.544
2024-12-12 23:45:00,2240012900,1,29.0,99.0,1.836
2024-12-12 23:50:00,2240012900,1,20.0,103.88,1.495
2024-12-12 23:55:00,2240012900,1,18.0,107.62,1.2275
2024-12-12 23:30:00,2240012900,2,26.0,83.62,2.3875
2024-12-12 23:35:00,2240012900,2,26.0,83.3,1.986
2024-12-12 23:40:00,2240012900,2,34.0,83.9,2.52
2024-12-12 23:45:00,2240012900,2,29.0,86.6,2.18
2024-12-12 23:50:00,2240012900,2,22.0,83.12,1.9975
2024-12-12 23:55:00,2240012900,2,16.0,87.12,1.4475
2024-12-12 23:30:00,2240012900,3,1.0,89.5,0.465
2024-12-12 23:35:00,2240012900,3,0.0,0.0,0.0
2024-12-12 23:40:00,2240012900,3,0.0,0.0,0.0
2024-12-12 23:45:00,2240012900,3,0.0,0.0,0.0
2024-12-12 23:50:00,2240012900,3,0.0,0.0,0.0
2024-12-12 23:55:00,2240012900,3,0.0,0.0,0.0
2024-12-12 23:30:00,2240012900,4,0.0,0.0,0.0
2024-12-12 23:35:00,2240012900,4,0.0,0.0,0.0
2024-12-12 23:40:00,2240012900,4,0.0,0.0,0.0
2024-12-12 23:45:00,2240012900,4,0.0,0.0,0.0
2024-12-12 23:50:00,2240012900,4,0.0,0.0,0.0
2024-12-12 23:55:00,2240012900,4,0.0,0.0,0.0
2024-12-12 23:30:00,2240013000,1,4.0,105.75,0.2575
2024-12-12 23:35:00,2240013000,1,13.0,117.7,0.634
2024-12-12 23:40:00,2240013000,1,11.0,109.1,0.568
2024-12-12 23:45:00,2240013000,1,9.0,106.6,0.486
2024-12-12 23:50:00,2240013000,1,9.0,105.25,0.625
2024-12-12 23:55:00,2240013000,1,7.0,106.62,0.445
2024-12-12 23:30:00,2240013000,2,14.0,102.88,0.99
2024-12-12 23:35:00,2240013000,2,18.0,110.0,1.004
2024-12-12 23:40:00,2240013000,2,18.0,98.6,1.118
2024-12-12 23:45:00,2240013000,2,18.0,98.4,1.076
2024-12-12 23:50:00,2240013000,2,14.0,108.88,0.985
2024-12-12 23:55:00,2240013000,2,16.0,104.5,1.14
2024-12-12 23:30:00,2240013000,3,15.0,92.5,1.23
2024-12-12 23:35:00,2240013000,3,14.0,91.3,0.948
2024-12-12 23:40:00,2240013000,3,14.0,98.4,0.86
2024-12-12 23:45:00,2240013000,3,22.0,104.3,1.294
2024-12-12 23:50:00,2240013000,3,12.0,92.12,0.9825
2024-12-12 23:55:00,2240013000,3,11.0,101.88,0.76
2024-12-12 23:30:00,2240013000,4,5.0,92.38,0.4575
2024-12-12 23:35:00,2240013000,4,8.0,92.7,0.554
2024-12-12 23:40:00,2240013000,4,5.0,98.4,0.332
2024-12-12 23:45:00,2240013000,4,6.0,101.8,0.35
2024-12-12 23:50:00,2240013000,4,2.0,95.62,0.1825
2024-12-12 23:55:00,2240013000,4,5.0,102.62,0.3525
2024-12-12 23:30:00,2240014101,1,33.0,92.38,2.6475
2024-12-12 23:35:00,2240014101,1,46.0,90.5,3.018
2024-12-12 23:40:00,2240014101,1,37.0,93.7,2.392
2024-12-12 23:45:00,2240014101,1,38.0,92.1,2.448
2024-12-12 23:50:00,2240014101,1,24.0,93.88,1.895
2024-12-12 23:55:00,2240014101,1,35.0,93.5,2.78
2024-12-12 23:30:00,2240014101,2,43.0,87.62,3.7025
2024-12-12 23:35:00,2240014101,2,50.0,86.2,3.526
2024-12-12 23:40:00,2240014101,2,33.0,81.1,2.494
2024-12-12 23:45:00,2240014101,2,54.0,84.6,3.784
2024-12-12 23:50:00,2240014101,2,45.0,82.0,4.1225
2024-12-12 23:55:00,2240014101,2,29.0,83.88,2.6825
2024-12-12 23:30:00,2240014101,3,23.0,71.38,2.39
2024-12-12 23:35:00,2240014101,3,28.0,72.8,2.452
2024-12-12 23:40:00,2240014101,3,30.0,80.3,2.534
2024-12-12 23:45:00,2240014101,3,21.0,82.9,1.912
2024-12-12 23:50:00,2240014101,3,15.0,89.88,1.3525
2024-12-12 23:55:00,2240014101,3,15.0,85.75,1.485
2024-12-12 23:30:00,2240014101,4,5.0,80.62,0.6075
2024-12-12 23:35:00,2240014101,4,9.0,81.2,1.022
2024-12-12 23:40:00,2240014101,4,2.0,94.0,0.174
2024-12-12 23:45:00,2240014101,4,3.0,88.3,0.294
2024-12-12 23:50:00,2240014101,4,1.0,95.25,0.12
2024-12-12 23:55:00,2240014101,4,3.0,90.25,0.37
2024-12-12 23:30:00,2240014201,1,9.0,109.0,0.6125
2024-12-12 23:35:00,2240014201,1,13.0,112.2,0.648
2024-12-12 23:40:00,2240014201,1,16.0,113.3,0.854
2024-12-12 23:45:00,2240014201,1,9.0,106.2,0.492
2024-12-12 23:50:00,2240014201,1,10.0,106.25,0.7
2024-12-12 23:55:00,2240014201,1,7.0,107.0,0.47
2024-12-12 23:30:00,2240014201,2,18.0,90.38,1.4925
2024-12-12 23:35:00,2240014201,2,20.0,93.9,1.288
2024-12-12 23:40:00,2240014201,2,25.0,87.4,1.754
2024-12-12 23:45:00,2240014201,2,24.0,91.7,1.562
2024-12-12 23:50:00,2240014201,2,21.0,95.38,1.65
2024-12-12 23:55:00,2240014201,2,22.0,94.88,1.74
2024-12-12 23:30:00,2240014201,3,26.0,92.62,2.1525
2024-12-12 23:35:00,2240014201,3,26.0,87.5,1.774
2024-12-12 23:40:00,2240014201,3,29.0,93.0,1.878
2024-12-12 23:45:00,2240014201,3,28.0,94.3,1.798
2024-12-12 23:50:00,2240014201,3,19.0,92.75,1.505
2024-12-12 23:55:00,2240014201,3,23.0,96.5,1.7875
2024-12-12 23:30:00,2240014201,4,30.0,92.0,2.62
2024-12-12 23:35:00,2240014201,4,25.0,87.2,1.736
2024-12-12 23:40:00,2240014201,4,42.0,91.7,2.83
2024-12-12 23:45:00,2240014201,4,28.0,92.0,1.93
2024-12-12 23:50:00,2240014201,4,28.0,86.5,2.415
2024-12-12 23:55:00,2240014201,4,29.0,98.82,2.3725
2024-12-12 23:30:00,2240157100,1,10.0,102.88,0.6275
2024-12-12 23:35:00,2240157100,1,10.0,102.0,0.606
2024-12-12 23:40:00,2240157100,1,13.0,109.2,0.848
2024-12-12 23:45:00,2240157100,1,9.0,102.0,0.588
2024-12-12 23:50:00,2240157100,1,13.0,103.12,0.76
2024-12-12 23:55:00,2240157100,1,13.0,102.62,0.865
2024-12-12 23:30:00,2240157100,2,10.0,95.88,1.3375
2024-12-12 23:35:00,2240157100,2,12.0,91.9,0.984
2024-12-12 23:40:00,2240157100,2,14.0,93.2,1.14
2024-12-12 23:45:00,2240157100,2,20.0,86.8,1.706
2024-12-12 23:50:00,2240157100,2,14.0,84.12,2.03
2024-12-12 23:55:00,2240157100,2,13.0,91.25,1.3475
2024-12-12 23:30:00,2240157100,3,4.0,91.5,0.72
2024-12-12 23:35:00,2240157100,3,10.0,92.7,0.842
2024-12-12 23:40:00,2240157100,3,11.0,91.8,0.832
2024-12-12 23:45:00,2240157100,3,0.0,0.0,0.0
2024-12-12 23:50:00,2240157100,3,0.0,0.0,0.0
2024-12-12 23:55:00,2240157100,3,2.0,94.25,0.39
2024-12-12 23:30:00,2240157300,1,19.0,102.44,0.785
2024-12-12 23:35:00,2240157300,1,22.0,101.65,0.616
2024-12-12 23:40:00,2240157300,1,23.0,107.25,0.858
2024-12-12 23:45:00,2240157300,1,27.0,100.75,0.767
2024-12-12 23:50:00,2240157300,1,24.0,103.81,0.7138
2024-12-12 23:55:00,2240157300,1,29.0,103.94,0.7675
2024-12-12 23:30:00,2240157300,2,29.0,92.12,1.5912
2024-12-12 23:35:00,2240157300,2,32.0,91.05,1.098
2024-12-12 23:40:00,2240157300,2,25.0,91.85,1.216
2024-12-12 23:45:00,2240157300,2,40.0,83.55,1.889
2024-12-12 23:50:00,2240157300,2,24.0,81.12,2.1325
2024-12-12 23:55:00,2240157300,2,24.0,93.94,1.0762
2024-12-12 23:30:00,2240157300,3,16.0,88.0,1.1375
2024-12-12 23:35:00,2240157300,3,21.0,91.05,1.124
2024-12-12 23:40:00,2240157300,3,25.0,86.0,1.33
2024-12-12 23:45:00,2240157300,3,7.0,95.95,0.466
2024-12-12 23:50:00,2240157300,3,7.0,94.81,0.345
2024-12-12 23:55:00,2240157300,3,6.0,89.06,0.8775
2024-12-12 23:30:00,2240157400,1,9.0,102.0,0.9425
2024-12-12 23:35:00,2240157400,1,12.0,101.3,0.626
2024-12-12 23:40:00,2240157400,1,10.0,105.3,0.868
2024-12-12 23:45:00,2240157400,1,18.0,99.5,0.946
2024-12-12 23:50:00,2240157400,1,11.0,104.5,0.6675
2024-12-12 23:55:00,2240157400,1,16.0,105.25,0.67
2024-12-12 23:30:00,2240157400,2,19.0,88.38,1.845
2024-12-12 23:35:00,2240157400,2,20.0,90.2,1.212
2024-12-12 23:40:00,2240157400,2,11.0,90.5,1.292
2024-12-12 23:45:00,2240157400,2,20.0,80.3,2.072
2024-12-12 23:50:00,2240157400,2,10.0,78.12,2.235
2024-12-12 23:55:00,2240157400,2,11.0,96.62,0.805
2024-12-12 23:30:00,2240157400,3,12.0,84.5,1.555
2024-12-12 23:35:00,2240157400,3,11.0,89.4,1.406
2024-12-12 23:40:00,2240157400,3,14.0,80.2,1.828
2024-12-12 23:45:00,2240157400,3,7.0,91.9,0.932
2024-12-12 23:50:00,2240157400,3,7.0,89.62,0.69
2024-12-12 23:55:00,2240157400,3,4.0,83.88,1.365
2024-12-12 23:30:00,2240157900,1,30.0,99.25,1.2742
2024-12-12 23:35:00,2240157900,1,17.0,103.6,0.452
2024-12-12 23:40:00,2240157900,1,32.0,95.3,1.1673
2024-12-12 23:45:00,2240157900,1,27.0,99.57,0.7413
2024-12-12 23:50:00,2240157900,1,17.0,97.29,0.6475
2024-12-12 23:55:00,2240157900,1,32.0,100.04,0.9958
2024-12-12 23:30:00,2240157900,2,28.0,94.5,0.9108
2024-12-12 23:35:00,2240157900,2,30.0,91.2,1.1007
2024-12-12 23:40:00,2240157900,2,29.0,93.47,0.9653
2024-12-12 23:45:00,2240157900,2,22.0,100.47,0.5567
2024-12-12 23:50:00,2240157900,2,23.0,91.75,0.8717
2024-12-12 23:55:00,2240157900,2,34.0,89.21,1.1725
2024-12-12 23:30:00,2240157900,3,21.0,91.79,1.0467
2024-12-12 23:35:00,2240157900,3,17.0,92.13,0.8493
2024-12-12 23:40:00,2240157900,3,29.0,88.37,1.4467
2024-12-12 23:45:00,2240157900,3,22.0,94.23,1.208
2024-12-12 23:50:00,2240157900,3,21.0,91.58,1.1608
2024-12-12 23:55:00,2240157900,3,23.0,93.25,1.1917
2024-12-12 23:30:00,2240160800,1,34.0,109.33,1.7058
2024-12-12 23:35:00,2240160800,1,49.0,105.77,1.9427
2024-12-12 23:40:00,2240160800,1,43.0,105.03,1.624
2024-12-12 23:45:00,2240160800,1,51.0,105.53,1.92
2024-12-12 23:50:00,2240160800,1,44.0,110.46,2.1825
2024-12-12 23:55:00,2240160800,1,50.0,108.17,2.28
2024-12-12 23:30:00,2240160800,2,73.0,95.67,3.7617
2024-12-12 23:35:00,2240160800,2,72.0,96.6,2.8747
2024-12-12 23:40:00,2240160800,2,79.0,100.0,3.4027
2024-12-12 23:45:00,2240160800,2,101.0,98.17,4.3647
2024-12-12 23:50:00,2240160800,2,68.0,96.29,3.1183
2024-12-12 23:55:00,2240160800,2,71.0,103.83,3.45
2024-12-12 23:30:00,2240160800,3,23.0,91.83,1.2142
2024-12-12 23:35:00,2240160800,3,26.0,92.43,1.47
2024-12-12 23:40:00,2240160800,3,21.0,96.6,0.8753
2024-12-12 23:45:00,2240160800,3,41.0,93.43,2.094
2024-12-12 23:50:00,2240160800,3,30.0,92.88,1.6917
2024-12-12 23:55:00,2240160800,3,19.0,91.46,1.2792
2024-12-12 23:30:00,2240160900,1,28.0,102.58,1.5117
2024-12-12 23:35:00,2240160900,1,32.0,113.1,1.2407
2024-12-12 23:40:00,2240160900,1,31.0,107.47,1.4173
2024-12-12 23:45:00,2240160900,1,40.0,116.13,1.5633
2024-12-12 23:50:00,2240160900,1,30.0,112.33,1.5158
2024-12-12 23:55:00,2240160900,1,24.0,101.83,1.0933
2024-12-12 23:30:00,2240160900,2,35.0,100.79,2.145
2024-12-12 23:35:00,2240160900,2,61.0,100.33,2.8967
2024-12-12 23:40:00,2240160900,2,46.0,93.2,2.4347
2024-12-12 23:45:00,2240160900,2,52.0,101.73,2.208
2024-12-12 23:50:00,2240160900,2,38.0,96.88,2.525
2024-12-12 23:55:00,2240160900,2,43.0,103.92,2.35
2024-12-12 23:30:00,2240160900,3,24.0,94.58,1.3483
2024-12-12 23:35:00,2240160900,3,52.0,85.97,2.582
2024-12-12 23:40:00,2240160900,3,48.0,84.57,2.6653
2024-12-12 23:45:00,2240160900,3,38.0,94.97,2.006
2024-12-12 23:50:00,2240160900,3,32.0,91.88,1.825
2024-12-12 23:55:00,2240160900,3,27.0,93.5,1.4875
